note,action,label,regret,trial,optimal_action,Q_value_0,Q_value_1,Q_value_2,Q_value_3,Q_value_4,U_value_0,U_value_1,U_value_2,U_value_3,U_value_4,UCB_value_0,UCB_value_1,UCB_value_2,UCB_value_3,UCB_value_4
action = 3,3,0,0.6,0,3,,,,,,,,,,,,,,,
action = 4,4,0,0.6,1,3,,,,,,,,,,,,,,,
action = 0,0,0,0.6,2,3,,,,,,,,,,,,,,,
action = 4,4,0,0.6,3,3,,,,,,,,,,,,,,,
action = 2,2,0,0.6,4,3,,,,,,,,,,,,,,,
action = 4,4,0,0.6,5,3,0.08664,0.06938,0.06655,0.07123,0.08111,0.027202941017470887,0.0,0.0,0.0,0.102810505299799,0.14104588203494178,0.06938,0.06655,0.07123,0.286731010599598
action = 0,0,0,0.6,6,3,0.0619,0.05905,0.05441,0.04841,0.05384,0.06745368781616021,0.0,0.0,0.0,0.0,0.19680737563232042,0.05905,0.05441,0.04841,0.05384
action = 0,0,0,0.6,7,3,0.04931,0.05369,0.0478,0.0369,0.04327,0.07307530362578044,0.0,0.0,0.0,0.050199601592044535,0.19546060725156086,0.05369,0.0478,0.0369,0.14366920318408907
action = 1,1,1,-0.4,8,3,0.03498,0.04542,0.03904,0.02649,0.03423,0.0,0.0,0.0,0.0,0.0,0.03498,0.04542,0.03904,0.02649,0.03423
action = 1,1,1,-0.4,9,3,0.15055,0.52896,0.23549,0.19218,0.14244,0.11256109452204167,0.21824298385056964,0.07661592523751182,0.16112107248898264,0.14573949361789343,0.37567218904408334,0.9654459677011393,0.3887218504750236,0.5144221449779652,0.43391898723578687
action = 1,1,0,0.6,10,3,0.10913,0.73742,0.22324,0.14159,0.10374,0.21118712081942875,0.2356056026498521,0.26737613954876377,0.22503333086456326,0.18700267377767624,0.5315042416388576,1.2086312052997041,0.7579922790975275,0.5916566617291266,0.4777453475553525
action = 1,1,0,0.6,11,3,0.08257,0.36515,0.13389,0.10056,0.08221,0.0,0.0,0.0,0.0,0.0,0.08257,0.36515,0.13389,0.10056,0.08221
action = 1,1,1,-0.4,12,3,0.16705,0.40781,0.19973,0.16436,0.1632,0.0661815684310972,0.0,0.0,0.0,0.0,0.2994131368621944,0.40781,0.19973,0.16436,0.1632
action = 1,1,1,-0.4,13,3,0.14635,0.5143,0.22892,0.16105,0.12931,0.09022194854911969,0.09099450532861861,0.0,0.0,0.061318838867023565,0.32679389709823936,0.6962890106572373,0.22892,0.16105,0.25194767773404714
action = 1,1,1,-0.4,14,3,0.12829,0.62207,0.21673,0.14936,0.11462,0.08087026647662292,0.0,0.10507140429250958,0.059329587896765304,0.0,0.2900305329532458,0.62207,0.4268728085850192,0.26801917579353063,0.11462
action = 1,1,0,0.6,15,3,0.09753,0.57595,0.18439,0.15142,0.10532,0.11653325705565772,0.06284902544988268,0.1692040188648012,0.16589153082662175,0.13183322798141597,0.3305965141113154,0.7016480508997653,0.5227980377296024,0.4832030616532435,0.36898645596283197
action = 1,1,0,0.6,16,3,0.08374,0.5435,0.13939,0.1048,0.08218,0.0,0.0,0.0,0.0,0.0,0.08374,0.5435,0.13939,0.1048,0.08218
action = 1,1,1,-0.4,17,3,0.10735,0.48202,0.17813,0.11743,0.09439,0.0,0.057879184513951125,0.0,0.0,0.0,0.10735,0.5977783690279023,0.17813,0.11743,0.09439
action = 2,2,0,0.6,18,3,0.158,0.52964,0.26786,0.18391,0.13733,0.10830512453249846,0.0,0.16780941570722424,0.17265572680916205,0.11811011811017717,0.37461024906499696,0.52964,0.6034788314144485,0.5292214536183241,0.3735502362203543
action = 1,1,0,0.6,19,3,0.12484,0.49986,0.16653,0.11444,0.10364,0.08683317338436963,0.04878524367060187,0.05549774770204643,0.0,0.08318653737234169,0.2985063467687393,0.5974304873412037,0.2775254954040929,0.11444,0.2700130747446834
action = 1,1,0,0.6,20,3,0.10664,0.46898,0.16504,0.10621,0.08694,0.12340988615179904,0.055587768438749185,0.11815244390193544,0.014832396974191326,0.07937253933193772,0.3534597723035981,0.5801555368774984,0.4013448878038709,0.13587479394838264,0.24568507866387546
action = 1,1,1,-0.4,21,3,0.09011,0.53569,0.15167,0.11487,0.09387,0.0,0.0,0.09327379053088815,0.0,0.03420526275297414,0.09011,0.53569,0.3382175810617763,0.11487,0.1622805255059483
action = 1,1,0,0.6,22,3,0.10999,0.54331,0.16347,0.12909,0.09191,0.15927962832703998,0.03146426544510455,0.14570518178843195,0.13133925536563698,0.08910667763978185,0.42854925665407995,0.6062385308902091,0.4548803635768639,0.39176851073127394,0.2701233552795637
action = 1,1,1,-0.4,23,3,0.08664,0.42787,0.12695,0.10351,0.085,0.12609520212918493,0.012649110640673518,0.0734166193719106,0.11095043938624127,0.10148891565092219,0.33883040425836985,0.453168221281347,0.2737832387438212,0.32541087877248254,0.2879778313018444
action = 1,1,1,-0.4,24,3,0.07221,0.49986,0.13279,0.09124,0.07025,0.0,0.0382099463490856,0.0,0.0,0.0,0.07221,0.5762798926981713,0.13279,0.09124,0.07025
action = 1,1,0,0.6,25,3,0.08644,0.54871,0.1589,0.11342,0.07468,0.0,0.033166247903554,0.0,0.0,0.0,0.08644,0.615042495807108,0.1589,0.11342,0.07468
action = 1,1,1,-0.4,26,3,0.1086,0.48794,0.17701,0.12831,0.08325,0.08024961059095552,0.035071355833500364,0.0,0.10124228365658294,0.0,0.26909922118191104,0.5580827116670007,0.17701,0.3307945673131659,0.08325
action = 1,1,1,-0.4,27,3,0.11459,0.52454,0.1848,0.12417,0.08406,0.09316651759081693,0.0,0.10908712114635714,0.0996493853468249,0.0,0.3009230351816339,0.52454,0.4029742422927143,0.32346877069364977,0.08406
action = 1,1,0,0.6,28,3,0.10763,0.53045,0.16531,0.12022,0.08903,0.0,0.03130495168499706,0.0,0.042544094772365294,0.0,0.10763,0.5930599033699941,0.16531,0.20530818954473057,0.08903
action = 1,1,1,-0.4,29,3,0.1239,0.51638,0.18231,0.12395,0.09055,0.0,0.09710818709048172,0.0,0.0,0.0,0.1239,0.7105963741809633,0.18231,0.12395,0.09055
action = 1,1,0,0.6,30,3,0.12695,0.61793,0.20565,0.15074,0.10379,0.047116875957558986,0.0,0.15192103211866353,0.11958260743101398,0.025298221281347035,0.22118375191511797,0.61793,0.5094920642373271,0.389905214862028,0.15438644256269407
action = 1,1,0,0.6,31,3,0.10665,0.51244,0.15772,0.12792,0.09538,0.14345731072343437,0.06906518659932803,0.1273184982632139,0.1636765102267274,0.1470374102057024,0.39356462144686877,0.6505703731986561,0.41235699652642777,0.45527302045345486,0.38945482041140483
action = 1,1,0,0.6,32,3,0.0748,0.51134,0.13477,0.09778,0.07319,0.0,0.03361547262794322,0.0,0.034351128074635334,0.05329165037789691,0.0748,0.5785709452558865,0.13477,0.16648225614927067,0.17977330075579384
action = 1,1,0,0.6,33,3,0.08058,0.44463,0.13822,0.1012,0.07045,0.0,0.0,0.0,0.0,0.0,0.08058,0.44463,0.13822,0.1012,0.07045
action = 1,1,0,0.6,34,3,0.07906,0.4321,0.14418,0.09705,0.0734,0.0,0.0,0.0,0.0,0.0,0.07906,0.4321,0.14418,0.09705,0.0734
action = 1,1,1,-0.4,35,3,0.10912,0.46917,0.16208,0.12641,0.10611,0.0,0.045497252664309304,0.0,0.0,0.0,0.10912,0.5601645053286186,0.16208,0.12641,0.10611
action = 1,1,0,0.6,36,3,0.13396,0.55171,0.21372,0.15719,0.10676,0.0862554346113913,0.0,0.15446682491719702,0.1499333185119305,0.1078424777163433,0.3064708692227826,0.55171,0.522653649834394,0.457056637023861,0.3224449554326866
action = 1,1,0,0.6,37,3,0.11592,0.52228,0.1632,0.10961,0.07903,0.0,0.007071067811865475,0.0,0.0,0.0,0.11592,0.5364221356237309,0.1632,0.10961,0.07903
action = 1,1,1,-0.4,38,3,0.14066,0.48841,0.18011,0.13511,0.103,0.1504991694329241,0.039370039370059055,0.0,0.1177709641634983,0.10074720839804942,0.4416583388658482,0.5671500787401181,0.18011,0.3706519283269966,0.30449441679609884
action = 1,1,0,0.6,39,3,0.11489,0.46898,0.18727,0.1384,0.09985,0.0,0.0,0.0,0.1431432848582147,0.1044030650891055,0.11489,0.46898,0.18727,0.4246865697164294,0.30865613017821103
action = 1,1,1,-0.4,40,3,0.10596,0.50554,0.17843,0.11599,0.08282,0.0,0.025298221281347035,0.0,0.03794733192202055,0.04669047011971501,0.10596,0.556136442562694,0.17843,0.1918846638440411,0.17620094023943
action = 1,1,0,0.6,41,3,0.11894,0.49376,0.20055,0.1349,0.09433,0.11049886877249016,0.017320508075688773,0.017320508075688773,0.10876580344942982,0.09989994994993741,0.3399377375449803,0.5284010161513775,0.23519101615137755,0.35243160689885966,0.2941298998998748
action = 1,1,0,0.6,42,3,0.10356,0.48118,0.17683,0.12803,0.08916,0.0,0.04195235392680606,0.0,0.055407580708780275,0.0,0.10356,0.5650847078536121,0.17683,0.23884516141756057,0.08916
action = 1,1,1,-0.4,43,3,0.09876,0.439,0.16948,0.12217,0.09059,0.0,0.0,0.0,0.0500999001995014,0.03162277660168379,0.09876,0.439,0.16948,0.22236980039900278,0.1538355532033676
action = 1,1,0,0.6,44,3,0.09749,0.48752,0.1839,0.126,0.09564,0.14163332941084172,0.06260990336999411,0.1150651989091402,0.13627178724886527,0.13660161053223346,0.3807566588216834,0.6127398067399883,0.41403039781828044,0.39854357449773054,0.36884322106446693
action = 1,1,0,0.6,45,3,0.08221,0.44449,0.16253,0.1031,0.08789,0.0,0.0,0.0,0.07912016177940993,0.0904433524367601,0.08221,0.44449,0.16253,0.26134032355881986,0.26877670487352023
action = 1,1,0,0.6,46,3,0.09618,0.4939,0.15785,0.10556,0.08539,0.0,0.03924283374069717,0.0,0.08814760348415605,0.0,0.09618,0.5723856674813943,0.15785,0.2818552069683121,0.08539
action = 1,1,0,0.6,47,3,0.10596,0.44426,0.13704,0.10331,0.08097,0.0,0.0,0.0,0.0,0.0,0.10596,0.44426,0.13704,0.10331,0.08097
action = 1,1,1,-0.4,48,3,0.14102,0.43801,0.20689,0.13833,0.11314,0.05477225575051661,0.04074309757492672,0.04929503017546495,0.10348912986396204,0.09005553841935542,0.2505645115010332,0.5194961951498535,0.3054800603509299,0.3453082597279241,0.2932510768387108
action = 2,2,0,0.6,49,3,0.12471,0.43247,0.19315,0.12574,0.09345,0.11036303729057116,0.0,0.1382389236069205,0.11384199576606165,0.13524052647043341,0.34543607458114234,0.43247,0.469627847213841,0.3534239915321233,0.3639310529408668
action = 1,1,1,-0.4,50,3,0.10936,0.4505,0.13017,0.10462,0.07693,0.1185748708622531,0.034496376621320685,0.11687600266949584,0.18820201911775547,0.1620493751916372,0.3465097417245062,0.5194927532426414,0.36392200533899166,0.48102403823551093,0.4010287503832744
action = 1,1,0,0.6,51,3,0.08197,0.45059,0.11763,0.05907,0.05052,0.0,0.06745368781616021,0.0,0.0,0.0,0.08197,0.5854973756323204,0.11763,0.05907,0.05052
action = 1,1,1,-0.4,52,3,0.10354,0.40193,0.15724,0.09919,0.07272,0.0,0.0,0.0,0.0,0.0,0.10354,0.40193,0.15724,0.09919,0.07272
action = 1,1,0,0.6,53,3,0.11167,0.44454,0.15762,0.09078,0.07081,0.10029955134495866,0.0,0.0,0.0,0.0,0.3122691026899173,0.44454,0.15762,0.09078,0.07081
action = 1,1,1,-0.4,54,3,0.08861,0.46927,0.15439,0.09739,0.06961,0.0,0.03521363372331802,0.0,0.0,0.0,0.08861,0.539697267446636,0.15439,0.09739,0.06961
action = 1,1,0,0.6,55,3,0.10239,0.45678,0.14695,0.09048,0.06956,0.08502940667792526,0.0,0.12214745187681976,0.09879271228182775,0.08491171886141512,0.2724488133558505,0.45678,0.3912449037536395,0.28806542456365547,0.23938343772283022
action = 1,1,0,0.6,56,3,0.09212,0.46416,0.13159,0.07792,0.06262,0.0,0.04074309757492672,0.0,0.08006247560499238,0.03209361307176243,0.09212,0.5456461951498535,0.13159,0.23804495120998476,0.12680722614352485
action = 1,1,1,-0.4,57,3,0.08853,0.43792,0.11438,0.07396,0.06536,0.0,0.0,0.0,0.0,0.0,0.08853,0.43792,0.11438,0.07396,0.06536
action = 1,1,1,-0.4,58,3,0.12097,0.46279,0.15426,0.0933,0.07871,0.09612491872558332,0.06663332499583073,0.0,0.01341640786499874,0.068044103344816,0.31321983745116666,0.5960566499916614,0.15426,0.12013281572999747,0.214798206689632
action = 1,1,1,-0.4,59,3,0.09372,0.44549,0.14759,0.09723,0.06616,0.039370039370059055,0.0,0.06557438524302,0.10890362712049585,0.07307530362578044,0.1724600787401181,0.44549,0.27873877048604,0.3150372542409917,0.21231060725156087
action = 1,1,0,0.6,60,3,0.08962,0.46279,0.13787,0.08523,0.06476,0.06572670690061994,0.049497474683058325,0.11135528725660043,0.128763348822559,0.10723805294763608,0.22107341380123988,0.5617849493661167,0.36058057451320086,0.34275669764511796,0.27923610589527215
action = 1,1,0,0.6,61,3,0.08328,0.43801,0.10852,0.06045,0.05038,0.0,0.0,0.0,0.0,0.0,0.08328,0.43801,0.10852,0.06045,0.05038
action = 1,1,1,-0.4,62,3,0.11963,0.46302,0.15074,0.09644,0.07337,0.14959946523968592,0.039370039370059055,0.11580155439371269,0.1427585373979434,0.09322016949137134,0.41882893047937186,0.5417600787401181,0.3823431087874254,0.3819570747958868,0.2598103389827427
action = 1,1,0,0.6,63,3,0.09075,0.46293,0.12232,0.07003,0.05239,0.0,0.0,0.0,0.0,0.0,0.09075,0.46293,0.12232,0.07003,0.05239
action = 1,1,1,-0.4,64,3,0.1055,0.47522,0.11795,0.08055,0.05249,0.0,0.028982753492378877,0.0,0.0,0.0,0.1055,0.5331855069847578,0.11795,0.08055,0.05249
action = 1,1,1,-0.4,65,3,0.13255,0.46884,0.16219,0.10395,0.07545,0.15381807436059003,0.042190046219457975,0.14233762678926468,0.1267675037223657,0.11541230437002807,0.44018614872118006,0.5532200924389159,0.44686525357852935,0.3574850074447314,0.30627460874005613
action = 1,1,0,0.6,66,3,0.07544,0.451,0.12614,0.09159,0.0571,0.0,0.0,0.03794733192202055,0.1224744871391589,0.0,0.07544,0.451,0.20203466384404112,0.3365389742783178,0.0571
action = 1,1,1,-0.4,67,3,0.09309,0.45105,0.10514,0.06655,0.06074,0.08294576541331088,0.0,0.07134423592694787,0.035355339059327376,0.07085195833567341,0.2589815308266218,0.45105,0.24782847185389573,0.13726067811865475,0.2024439166713468
action = 1,1,0,0.6,68,3,0.07978,0.47522,0.09229,0.06374,0.05669,0.11175866856758808,0.06308724118235001,0.0,0.06862943974709396,0.11189280584559491,0.30329733713517615,0.6013944823647,0.09229,0.20099887949418793,0.28047561169118984
action = 1,1,0,0.6,69,3,0.05698,0.42695,0.09316,0.05489,0.04763,0.0,0.0,0.0,0.0,0.0,0.05698,0.42695,0.09316,0.05489,0.04763
action = 1,1,1,-0.4,70,3,0.07808,0.43792,0.10473,0.07822,0.0628,0.08579044235810887,0.0412310562561766,0.1052140675005011,0.13992855319769443,0.12198360545581526,0.24966088471621772,0.5203821125123532,0.3151581350010022,0.35807710639538887,0.3067672109116305
action = 1,1,0,0.6,71,3,0.06099,0.43206,0.08389,0.05097,0.0435,0.102810505299799,0.026457513110645904,0.08348652585896721,0.07733045971672482,0.04959838707054898,0.266611010599598,0.4849750262212918,0.25086305171793444,0.20563091943344963,0.14269677414109794
action = 1,1,1,-0.4,72,3,0.04983,0.41976,0.06763,0.04558,0.04266,0.0,0.0,0.0,0.0,0.0,0.04983,0.41976,0.06763,0.04558,0.04266
action = 1,1,1,-0.4,73,3,0.10011,0.48132,0.1109,0.07361,0.06345,0.0,0.042190046219457975,0.0,0.0,0.0,0.10011,0.565700092438916,0.1109,0.07361,0.06345
action = 1,1,1,-0.4,74,3,0.10198,0.46349,0.10804,0.06941,0.06835,0.0,0.03577708763999664,0.08988882021697693,0.0589915248150105,0.08240145629781066,0.10198,0.5350441752799933,0.28781764043395386,0.187393049630021,0.23315291259562132
action = 1,1,1,-0.4,75,3,0.0909,0.4632,0.09772,0.06775,0.06331,0.0,0.06058052492344384,0.0,0.0,0.06855654600401044,0.0909,0.5843610498468876,0.09772,0.06775,0.2004230920080209
action = 1,1,1,-0.4,76,3,0.09335,0.44495,0.10863,0.07556,0.05963,0.0,0.05639148871948674,0.0,0.0,0.0,0.09335,0.5577329774389734,0.10863,0.07556,0.05963
action = 0,0,1,-0.4,77,3,0.12812,0.42051,0.13924,0.09113,0.07162,0.2039607805437114,0.0,0.15511286213592992,0.1557562197795003,0.1284133949399361,0.5360415610874227,0.42051,0.4494657242718598,0.4026424395590006,0.3284467898798722
action = 1,1,0,0.6,78,3,0.25501,0.4512,0.17071,0.1265,0.09023,0.0,0.0,0.0,0.0,0.0,0.25501,0.4512,0.17071,0.1265,0.09023
action = 0,0,1,-0.4,79,3,0.33241,0.46279,0.21403,0.17317,0.12094,0.15479018056711477,0.0,0.1923018460649819,0.21838040205109982,0.16804761230080004,0.6419903611342295,0.46279,0.5986336921299638,0.6099308041021996,0.45703522460160007
action = 1,1,1,-0.4,80,3,0.39119,0.49419,0.18985,0.1384,0.10082,0.0,0.033316662497915366,0.0,0.0,0.0,0.39119,0.5608233249958308,0.18985,0.1384,0.10082
action = 0,0,0,0.6,81,3,0.42601,0.46931,0.20867,0.16199,0.1154,0.08461678320522471,0.03646916505762094,0.13213629327327145,0.16661332479726823,0.14909728367747013,0.5952435664104494,0.5422483301152419,0.47294258654654286,0.4952166495945365,0.41359456735494027
action = 1,1,0,0.6,82,3,0.36105,0.451,0.18666,0.12913,0.09876,0.0,0.027202941017470887,0.0,0.0,0.0,0.36105,0.5054058820349417,0.18666,0.12913,0.09876
action = 2,2,0,0.6,83,3,0.41422,0.43876,0.24267,0.17903,0.14635,0.10373041983911951,0.03521363372331802,0.2027313493271329,0.20381364036786154,0.2107368026710095,0.621680839678239,0.509187267446636,0.6481326986542658,0.5866572807357231,0.567823605342019
action = 1,1,1,-0.4,84,3,0.36297,0.43792,0.13637,0.10108,0.07903,0.0,0.0,0.0,0.0,0.0,0.36297,0.43792,0.13637,0.10108,0.07903
action = 0,0,0,0.6,85,3,0.39629,0.48161,0.19312,0.13477,0.10157,0.11353413583587978,0.0,0.15697133496278867,0.12024974012445931,0.12700393694685216,0.6233582716717595,0.48161,0.5070626699255774,0.3752694802489186,0.3555778738937043
action = 1,1,0,0.6,86,3,0.32283,0.48132,0.15726,0.10548,0.08022,0.0,0.022803508501982758,0.0793095202355934,0.10963576058932596,0.10207840124139876,0.32283,0.5269270170039655,0.3158790404711868,0.3247515211786519,0.2843768024827975
action = 1,1,0,0.6,87,3,0.3143,0.46307,0.14972,0.08645,0.0642,0.03391164991562634,0.07835815209663893,0.11175866856758808,0.03674234614174767,0.04806245936279166,0.3821232998312527,0.6197863041932778,0.37323733713517615,0.15993469228349533,0.1603249187255833
action = 1,1,0,0.6,88,3,0.31726,0.40826,0.12868,0.09524,0.0717,0.0,0.0,0.0,0.0,0.0,0.31726,0.40826,0.12868,0.09524,0.0717
action = 0,0,1,-0.4,89,3,0.33888,0.41658,0.14174,0.12099,0.08777,0.06123724356957945,0.0,0.0,0.06156297588648554,0.0589915248150105,0.46135448713915894,0.41658,0.14174,0.24411595177297107,0.205753049630021
action = 2,2,1,-0.4,90,3,0.37907,0.44481,0.1676,0.12623,0.09604,0.02449489742783178,0.019493588689617928,0.17899720668211558,0.13568345514468594,0.1575753787874235,0.4280597948556636,0.48379717737923583,0.5255944133642312,0.3975969102893719,0.411190757574847
action = 1,1,1,-0.4,91,3,0.37875,0.43792,0.3051,0.20749,0.14005,0.0,0.0,0.0,0.0,0.0,0.37875,0.43792,0.3051,0.20749,0.14005
action = 1,1,0,0.6,92,3,0.39636,0.46927,0.32684,0.24857,0.17759,0.0,0.04483302354291979,0.0677495387438173,0.10913294644606641,0.06587867636800242,0.39636,0.5589360470858395,0.4623390774876346,0.46683589289213284,0.30934735273600483
action = 0,0,1,-0.4,93,3,0.45645,0.43792,0.32152,0.21196,0.16129,0.060332412515993424,0.0,0.0,0.0,0.07752418977325723,0.5771148250319869,0.43792,0.32152,0.21196,0.31633837954651445
action = 1,1,0,0.6,94,3,0.46307,0.48127,0.33313,0.22419,0.15124,0.028809720581775868,0.060332412515993424,0.08700574693662483,0.10094552986635912,0.073348483283569,0.5206894411635518,0.6019348250319868,0.5071414938732497,0.42608105973271826,0.297936966567138
action = 0,0,1,-0.4,95,3,0.4566,0.42628,0.3168,0.22419,0.15603,0.0,0.0,0.0,0.0,0.0,0.4566,0.42628,0.3168,0.22419,0.15603
action = 0,0,0,0.6,96,3,0.53584,0.43876,0.33331,0.25837,0.18737,0.0,0.0,0.07127411872482185,0.12243365550370536,0.10114346246792226,0.53584,0.43876,0.47585823744964373,0.5032373110074106,0.38965692493584453
action = 0,0,0,0.6,97,3,0.46857,0.43866,0.31255,0.23111,0.16584,0.05029910535983717,0.0,0.0,0.0,0.0,0.5691682107196743,0.43866,0.31255,0.23111,0.16584
action = 0,0,0,0.6,98,3,0.4382,0.44454,0.31005,0.23576,0.17544,0.06434283176858165,0.0,0.0,0.0,0.0,0.5668856635371633,0.44454,0.31005,0.23576,0.17544
action = 4,4,1,-0.4,99,3,0.39017,0.45064,0.32639,0.24382,0.19941,0.0,0.05049752469181039,0.08602325267042626,0.14230249470757708,0.19429359227725448,0.39017,0.5516350493836207,0.49843650534085254,0.5284249894151541,0.587997184554509
action = 0,0,1,-0.4,100,3,0.43196,0.43348,0.34375,0.33217,0.34369,0.05224940191045252,0.0,0.0,0.0,0.0,0.536458803820905,0.43348,0.34375,0.33217,0.34369
action = 0,0,0,0.6,101,3,0.43876,0.45669,0.37233,0.35503,0.37804,0.042544094772365294,0.0,0.0,0.0681175454637056,0.0648074069840786,0.5238481895447306,0.45669,0.37233,0.4912650909274112,0.5076548139681571
action = 1,1,0,0.6,102,3,0.41381,0.4566,0.3779,0.34354,0.35464,0.0,0.035071355833500364,0.06387487769068526,0.08136338242723197,0.07463243262818116,0.41381,0.5267427116670007,0.5056497553813706,0.506266764854464,0.5039048652563624
action = 1,1,0,0.6,103,3,0.4383,0.45021,0.36616,0.33219,0.35022,0.021447610589527218,0.0340587727318528,0.03924283374069717,0.0,0.0,0.48119522117905444,0.5183275454637056,0.44464566748139434,0.33219,0.35022
action = 2,2,0,0.6,104,3,0.42104,0.4321,0.38485,0.34034,0.3606,0.0,0.0,0.07197221686178633,0.07049822692805827,0.022360679774997897,0.42104,0.4321,0.5287944337235727,0.4813364538561165,0.40532135954999576
action = 4,4,0,0.6,105,3,0.44411,0.43252,0.34308,0.31647,0.34584,0.039370039370059055,0.03193743884534263,0.06212889826803627,0.05347896782848375,0.12856904759700136,0.5228500787401181,0.49639487769068524,0.46733779653607255,0.42342793565696746,0.6029780951940027
action = 0,0,0,0.6,106,3,0.4321,0.42681,0.31789,0.28191,0.26825,0.0,0.0,0.0,0.0,0.0,0.4321,0.42681,0.31789,0.28191,0.26825
action = 0,0,1,-0.4,107,3,0.43806,0.47522,0.34329,0.29267,0.29411,0.06913754406977442,0.04277849927241487,0.08694826047713664,0.040620192023179805,0.0,0.5763350881395488,0.5607769985448298,0.5171865209542732,0.37391038404635957,0.29411
action = 3,3,1,-0.4,108,3,0.43252,0.45678,0.33265,0.3147,0.32485,0.0,0.02345207879911715,0.08780660567406076,0.1069579356569675,0.05059644256269407,0.43252,0.5036841575982343,0.5082632113481216,0.528615871313935,0.4260428851253882
action = 0,0,0,0.6,109,3,0.46973,0.45168,0.34375,0.36778,0.33765,0.019493588689617928,0.0,0.0,0.0,0.0,0.5087171773792358,0.45168,0.34375,0.36778,0.33765
action = 0,0,0,0.6,110,3,0.45645,0.46884,0.36616,0.41409,0.36177,0.06426507605223851,0.0,0.06511528238439883,0.0659545297913646,0.09412757300600075,0.5849801521044771,0.46884,0.4963905647687976,0.5459990595827292,0.5500251460120015
action = 4,4,0,0.6,111,3,0.41454,0.47527,0.35024,0.37843,0.33843,0.0,0.0,0.0,0.0,0.09262828941527529,0.41454,0.47527,0.35024,0.37843,0.5236865788305506
action = 3,3,1,-0.4,112,3,0.41357,0.48756,0.33752,0.42,0.28486,0.0,0.01816590212458495,0.0679705818718657,0.09939818911831341,0.0,0.41357,0.5238918042491699,0.4734611637437314,0.6187963782366268,0.28486
action = 3,3,1,-0.4,113,3,0.41357,0.4566,0.32709,0.44411,0.3117,0.0,0.0,0.0,0.0483735464897913,0.06603029607687672,0.41357,0.4566,0.32709,0.5408570929795826,0.4437605921537534
action = 3,3,0,0.6,114,3,0.4383,0.46889,0.32709,0.48752,0.31093,0.08508818954473059,0.031144823004794875,0.0,0.0650384501660364,0.09093954035511725,0.6084763790894612,0.5311796460095897,0.32709,0.6175969003320728,0.4928090807102345
action = 2,2,1,-0.4,115,3,0.38996,0.4564,0.34577,0.4092,0.2832,0.0,0.0,0.06663332499583073,0.0,0.0,0.38996,0.4564,0.4790366499916615,0.4092,0.2832
action = 1,1,0,0.6,116,3,0.4199,0.46265,0.37194,0.4444,0.31254,0.04626013402488151,0.0340587727318528,0.0,0.03807886552931954,0.032557641192199414,0.512420268049763,0.5307675454637056,0.37194,0.5205577310586391,0.3776552823843988
action = 2,2,0,0.6,117,3,0.40175,0.44411,0.3901,0.43237,0.31817,0.0,0.0170293863659264,0.10867382389517725,0.039370039370059055,0.1245391504708459,0.40175,0.4781687727318528,0.6074476477903545,0.511110078740118,0.5672483009416918
action = 0,0,1,-0.4,118,3,0.42601,0.43825,0.32836,0.42572,0.28998,0.020248456731316585,0.0,0.0,0.0170293863659264,0.0,0.4665069134626332,0.43825,0.32836,0.4597787727318528,0.28998
action = 1,1,1,-0.4,119,3,0.43816,0.43876,0.3602,0.43815,0.32258,0.007745966692414834,0.04795831523312719,0.05253570214625479,0.0,0.0644980619863884,0.4536519333848297,0.5346766304662544,0.46527140429250957,0.43815,0.4515761239727768
action = 3,3,1,-0.4,120,3,0.43206,0.43275,0.36123,0.46279,0.33287,0.012649110640673518,0.0,0.039496835316262996,0.056833088953531286,0.06410928169929843,0.457358221281347,0.43275,0.440223670632526,0.5764561779070625,0.46108856339859683
action = 4,4,1,-0.4,121,3,0.42563,0.46307,0.3602,0.46302,0.34369,0.0,0.024698178070456937,0.0,0.0,0.08820430828479978,0.42563,0.5124663561409138,0.3602,0.46302,0.5200986165695995
action = 0,0,0,0.6,122,3,0.44426,0.45031,0.3835,0.46898,0.39049,0.032557641192199414,0.0,0.0,0.0,0.0,0.5093752823843988,0.45031,0.3835,0.46898,0.39049
action = 4,4,0,0.6,123,3,0.42563,0.47503,0.39542,0.48752,0.40747,0.0,0.023874672772626643,0.05089204259999789,0.020248456731316585,0.07489993324429602,0.42563,0.5227793455452533,0.49720408519999576,0.5280169134626331,0.557269866488592
action = 3,3,0,0.6,124,3,0.43173,0.46884,0.37889,0.50005,0.35528,0.053758720222862454,0.03646916505762094,0.0,0.023664319132398463,0.0,0.5392474404457249,0.5417783301152419,0.37889,0.5473786382647969,0.35528
action = 4,4,0,0.6,125,3,0.41967,0.45655,0.37811,0.46269,0.37772,0.0,0.02932575659723036,0.0,0.035637059362410926,0.09364827814754524,0.41967,0.5152015131944607,0.37811,0.5339641187248219,0.5650165562950905
action = 3,3,0,0.6,126,3,0.42563,0.44435,0.37176,0.45021,0.32663,0.033763886032268264,0.0,0.0,0.044045431091090485,0.0,0.49315777206453654,0.44435,0.37176,0.538300862182181,0.32663
action = 4,4,1,-0.4,127,3,0.40747,0.46884,0.3835,0.41953,0.33752,0.0,0.0,0.054497706373754846,0.0,0.12107848694132249,0.40747,0.46884,0.4924954127475097,0.41953,0.5796769738826449
action = 1,1,0,0.6,128,3,0.43835,0.48118,0.36099,0.41357,0.33393,0.02,0.0372827037646145,0.0,0.0,0.0,0.47835,0.555745407529229,0.36099,0.41357,0.33393
action = 3,3,1,-0.4,129,3,0.43182,0.4566,0.37822,0.42577,0.35503,0.03193743884534263,0.0,0.05966573556070519,0.06140032573203501,0.0,0.4956948776906852,0.4566,0.4975514711214104,0.54857065146407,0.35503
action = 2,2,0,0.6,130,3,0.43815,0.46898,0.37233,0.42586,0.3835,0.018439088914585774,0.03162277660168379,0.0906642156531451,0.0,0.0560357029044876,0.4750281778291715,0.5322255532033676,0.5536584313062902,0.42586,0.4955714058089752
action = 0,0,0,0.6,131,3,0.43816,0.45655,0.32663,0.44411,0.37216,0.057183913821983186,0.01788854381999832,0.0,0.019235384061671346,0.0,0.5525278276439664,0.49232708763999666,0.32663,0.4825807681233427,0.37216
action = 1,1,0,0.6,132,3,0.40183,0.46274,0.37216,0.44411,0.38978,0.0,0.022135943621178655,0.010488088481701515,0.0,0.0560357029044876,0.40183,0.5070118872423572,0.39313617696340303,0.44411,0.5018514058089752
action = 2,2,0,0.6,133,3,0.41553,0.46279,0.36616,0.46269,0.38407,0.02,0.0,0.0807465169527454,0.0,0.0659545297913646,0.45553,0.46279,0.5276530339054908,0.46269,0.5159790595827292
action = 3,3,1,-0.4,134,3,0.42005,0.46265,0.32735,0.47508,0.37194,0.07314369419163896,0.022360679774997897,0.04312771730569565,0.05224940191045252,0.0,0.5663373883832779,0.5073713595499958,0.41360543461139126,0.5795788038209051,0.37194
action = 4,4,1,-0.4,135,3,0.37907,0.45655,0.32684,0.46879,0.3793,0.0,0.03860051813123756,0.0483735464897913,0.03674234614174767,0.09899494936611665,0.37907,0.5337510362624751,0.42358709297958264,0.5422746922834953,0.5772898987322334
action = 3,3,0,0.6,136,3,0.42,0.46274,0.32106,0.46898,0.38978,0.0282842712474619,0.01673320053068151,0.0,0.054589376255824724,0.0,0.4765685424949238,0.496206401061363,0.32106,0.5781587525116495,0.38978
action = 4,4,0,0.6,137,3,0.41468,0.45655,0.33797,0.4153,0.43206,0.030495901363953814,0.047116875957558986,0.0,0.0,0.08197560612767679,0.4756718027279076,0.550783751915118,0.33797,0.4153,0.5960112122553536
action = 2,2,0,0.6,138,3,0.40793,0.4389,0.34308,0.43792,0.384,0.03130495168499706,0.0,0.1019803902718557,0.0,0.059749476985158624,0.47053990336999413,0.4389,0.5470407805437114,0.43792,0.5034989539703173
action = 3,3,1,-0.4,139,3,0.40747,0.44486,0.29448,0.46284,0.37233,0.0,0.0,0.044944410108488465,0.04183300132670378,0.0,0.40747,0.44486,0.38436882021697694,0.5465060026534075,0.37233
action = 4,4,1,-0.4,140,3,0.40747,0.4444,0.2998,0.48127,0.40771,0.08712060605849802,0.027386127875258306,0.060083275543199206,0.062369864518050704,0.12161414391426681,0.5817112121169961,0.4991722557505166,0.4199665510863984,0.6060097290361014,0.6509382878285337
action = 1,1,1,-0.4,141,3,0.3621,0.43815,0.29475,0.43196,0.38382,0.0,0.0,0.0,0.0,0.0,0.3621,0.43815,0.29475,0.43196,0.38382
action = 3,3,0,0.6,142,3,0.37875,0.44481,0.30512,0.51244,0.39574,0.030983866769659335,0.0,0.0,0.025298221281347035,0.0,0.44071773353931865,0.44481,0.30512,0.563036442562694,0.39574
action = 4,4,0,0.6,143,3,0.39017,0.45655,0.30563,0.46884,0.4444,0.0,0.0,0.0,0.019235384061671346,0.0670820393249937,0.39017,0.45655,0.30563,0.5073107681233426,0.5785640786499874
action = 1,1,1,-0.4,144,3,0.38978,0.45059,0.31574,0.46269,0.38978,0.0,0.05839520528262573,0.07739509028355739,0.01,0.0,0.38978,0.5673804105652515,0.4705301805671148,0.48269,0.38978
action = 4,4,0,0.6,145,3,0.40183,0.42023,0.31069,0.46879,0.41461,0.0,0.0,0.0,0.020493901531919198,0.0709929573971954,0.40183,0.42023,0.31069,0.5097778030638384,0.5565959147943907
action = 1,1,1,-0.4,146,3,0.41466,0.46903,0.32106,0.4626,0.36869,0.03872983346207417,0.02846049894151541,0.0,0.014491376746189439,0.0,0.4921196669241483,0.5259509978830308,0.32106,0.4915827534923789,0.36869
action = 4,4,0,0.6,147,3,0.41953,0.46889,0.31115,0.46274,0.39613,0.032557641192199414,0.0,0.0,0.0,0.09402127418834527,0.48464528238439886,0.46889,0.31115,0.46274,0.5841725483766905
action = 0,0,1,-0.4,148,3,0.42586,0.48752,0.31093,0.45031,0.33819,0.07867655305108377,0.033316662497915366,0.04857983120596448,0.015165750888103102,0.0,0.5832131061021676,0.5541533249958307,0.40808966241192896,0.4806415017762062,0.33819
action = 0,0,0,0.6,149,3,0.41452,0.46889,0.3051,0.44435,0.36755,0.0560357029044876,0.0,0.05495452665613634,0.0,0.0,0.5265914058089752,0.46889,0.41500905331227267,0.44435,0.36755
action = 1,1,1,-0.4,150,3,0.39041,0.47508,0.29448,0.46265,0.37247,0.0,0.042426406871192854,0.08905054744357274,0.0,0.0,0.39041,0.5599328137423857,0.4725810948871455,0.46265,0.37247
action = 3,3,1,-0.4,151,3,0.41452,0.445,0.2796,0.46274,0.37233,0.0,0.0,0.0,0.0,0.04427188724235731,0.41452,0.445,0.2796,0.46274,0.4608737744847146
action = 1,1,0,0.6,152,3,0.42023,0.45073,0.29954,0.48756,0.36741,0.06496152707564685,0.0498998997994986,0.0,0.03146426544510455,0.08342661445845684,0.5501530541512937,0.5505297995989972,0.29954,0.5504885308902091,0.5342632289169137
action = 3,3,1,-0.4,153,3,0.40151,0.42656,0.30537,0.47513,0.34466,0.0,0.0,0.03714835124201342,0.044384682042344296,0.00447213595499958,0.40151,0.42656,0.3796667024840268,0.5638993640846885,0.35360427190999916
action = 3,3,1,-0.4,154,3,0.40175,0.42681,0.29448,0.48132,0.34444,0.0,0.0,0.0,0.011832159566199232,0.0,0.40175,0.42681,0.29448,0.5049843191323985,0.34444
action = 3,3,1,-0.4,155,3,0.40771,0.4505,0.32106,0.50624,0.36113,0.0,0.0,0.08318653737234169,0.03,0.0,0.40771,0.4505,0.4874330747446834,0.5662400000000001,0.36113
action = 3,3,1,-0.4,156,3,0.44411,0.46279,0.29503,0.54317,0.37843,0.042544094772365294,0.0,0.0,0.0,0.07784600182411426,0.5291981895447306,0.46279,0.29503,0.54317,0.5341220036482285
action = 3,3,1,-0.4,157,3,0.42601,0.45669,0.32735,0.54345,0.35543,0.03420526275297414,0.0,0.045276925690687087,0.0592452529743945,0.0,0.4944205255059483,0.45669,0.41790385138137415,0.661940505948789,0.35543
action = 3,3,0,0.6,158,3,0.43858,0.46903,0.32131,0.58573,0.39182,0.04795831523312719,0.0,0.08056053624449132,0.0,0.07238784428341542,0.5344966304662544,0.46903,0.48243107248898265,0.58573,0.5365956885668308
action = 3,3,1,-0.4,159,3,0.41357,0.46279,0.29499,0.54965,0.37287,0.0,0.0,0.0,0.0469041575982343,0.0,0.41357,0.46279,0.29499,0.6434583151964686,0.37287
action = 3,3,1,-0.4,160,3,0.45035,0.48132,0.32152,0.58038,0.37825,0.06473020933072904,0.03924283374069717,0.05805170109479997,0.0,0.0,0.5798104186614581,0.5598056674813944,0.43762340218959994,0.58038,0.37825
action = 3,3,1,-0.4,161,3,0.42032,0.46265,0.30643,0.57428,0.38463,0.0,0.0,0.01673320053068151,0.0,0.025298221281347035,0.42032,0.46265,0.339896401061363,0.57428,0.4352264425626941
action = 3,3,1,-0.4,162,3,0.42596,0.46884,0.2998,0.58047,0.39072,0.04857983120596448,0.007745966692414834,0.0,0.0,0.09343446901438462,0.523119662411929,0.48433193338482966,0.2998,0.58047,0.5775889380287693
action = 3,3,0,0.6,163,3,0.41404,0.47508,0.32082,0.56194,0.36113,0.0,0.027928480087537882,0.11432410069622241,0.05099019513592785,0.0,0.41404,0.5309369601750757,0.5494682013924448,0.6639203902718557,0.36113
action = 3,3,1,-0.4,164,3,0.40803,0.45021,0.28943,0.56194,0.39072,0.04604345773288535,0.0,0.0,0.009486832980505138,0.06099180272790763,0.5001169154657708,0.45021,0.28943,0.5809136659610102,0.5127036054558153
action = 3,3,1,-0.4,165,3,0.40169,0.46884,0.31069,0.56818,0.37772,0.006324555320336759,0.015165750888103102,0.044721359549995794,0.03521363372331802,0.028982753492378877,0.4143391106406735,0.4991715017762062,0.4001327190999916,0.6386072674466361,0.4356855069847578
action = 3,3,1,-0.4,166,3,0.40803,0.45031,0.30588,0.58633,0.39072,0.01341640786499874,0.0,0.0,0.0,0.04207136793592526,0.43486281572999747,0.45031,0.30588,0.58633,0.4748627358718505
action = 3,3,0,0.6,167,3,0.40193,0.46889,0.32157,0.57437,0.38463,0.0,0.0,0.0,0.05966573556070519,0.04743416490252569,0.40193,0.46889,0.32157,0.6937014711214105,0.4794983298050514
action = 0,0,0,0.6,168,3,0.43196,0.48147,0.32709,0.58024,0.36656,0.07886697661252141,0.03741657386773942,0.05735852159879995,0.0,0.0,0.5896939532250428,0.5563031477354788,0.4418070431975999,0.58024,0.36656
action = 3,3,1,-0.4,169,3,0.38368,0.48752,0.30007,0.57414,0.36755,0.0,0.01,0.08972179222463181,0.07183313998427188,0.028982753492378877,0.38368,0.50752,0.4795135844492636,0.7178062799685437,0.42551550698475776
action = 3,3,0,0.6,170,3,0.39556,0.48756,0.28998,0.60458,0.36638,0.03741657386773942,0.018439088914585774,0.0,0.0,0.0,0.47039314773547886,0.5244381778291716,0.28998,0.60458,0.36638
action = 3,3,1,-0.4,171,3,0.39574,0.47508,0.29554,0.58047,0.38421,0.0,0.0,0.02569046515733026,0.0,0.0,0.39574,0.47508,0.34692093031466054,0.58047,0.38421
action = 3,3,0,0.6,172,3,0.43806,0.48132,0.30537,0.56761,0.38964,0.05735852159879995,0.014832396974191326,0.0,0.07362064927722385,0.029832867780352594,0.5527770431975999,0.5109847939483827,0.30537,0.7148512985544476,0.4493057355607052
action = 3,3,0,0.6,173,3,0.41976,0.47508,0.31093,0.58643,0.39003,0.011832159566199232,0.013038404810405298,0.010954451150103323,0.0,0.06324555320336758,0.4434243191323985,0.5011568096208106,0.33283890230020663,0.58643,0.5165211064067352
action = 0,0,1,-0.4,174,3,0.41357,0.4626,0.30583,0.56208,0.37194,0.08124038404635961,0.0,0.05128352561983234,0.0,0.0,0.5760507680927192,0.4626,0.4083970512396647,0.56208,0.37194
action = 3,3,1,-0.4,175,3,0.3901,0.49381,0.29554,0.53716,0.38368,0.0,0.007745966692414834,0.0,0.04919349550499537,0.0,0.3901,0.5093019333848297,0.29554,0.6355469910099907,0.38368
action = 0,0,0,0.6,176,3,0.45035,0.48752,0.32945,0.57414,0.40193,0.07028513356322232,0.013784048752090222,0.10256705123966468,0.0,0.046151923036857306,0.5909202671264446,0.5150880975041805,0.5345841024793294,0.57414,0.4942338460737146
action = 3,3,1,-0.4,177,3,0.3901,0.49376,0.30035,0.55598,0.39574,0.0,0.014491376746189439,0.0,0.046583258795408464,0.05394441583704471,0.3901,0.5227427534923789,0.30035,0.649146517590817,0.5036288316740893
action = 3,3,1,-0.4,178,3,0.40779,0.48752,0.3168,0.58038,0.3779,0.0,0.03754996671103718,0.015811388300841896,0.0,0.0,0.40779,0.5626199334220744,0.3484227766016838,0.58038,0.3779
action = 3,3,1,-0.4,179,3,0.41976,0.45035,0.30722,0.54355,0.41381,0.03911521443121589,0.0,0.039496835316262996,0.0629285308902091,0.034496376621320685,0.49799042886243183,0.45035,0.386213670632526,0.6694070617804182,0.4828027532426414
action = 3,3,1,-0.4,180,3,0.39542,0.46265,0.3006,0.59267,0.40151,0.0,0.0,0.0,0.0,0.07355270219373317,0.39542,0.46265,0.3006,0.59267,0.5486154043874663
action = 3,3,0,0.6,181,3,0.41357,0.48132,0.31601,0.57437,0.39574,0.0,0.01414213562373095,0.06685805860178712,0.0,0.04929503017546495,0.41357,0.5096042712474619,0.44972611720357425,0.57437,0.49433006035092986
action = 3,3,1,-0.4,182,3,0.4444,0.46889,0.30664,0.56194,0.39542,0.07489993324429602,0.0,0.0,0.0170293863659264,0.06935416353759881,0.594199866488592,0.46889,0.30664,0.5959987727318528,0.5341283270751976
action = 3,3,0,0.6,183,3,0.41381,0.47508,0.30592,0.57372,0.3793,0.0,0.0,0.048166378315169185,0.034496376621320685,0.0506951674225463,0.41381,0.47508,0.4022527566303384,0.6427127532426413,0.4806903348450926
action = 3,3,1,-0.4,184,3,0.4199,0.48756,0.30222,0.56818,0.37822,0.019493588689617928,0.0216794833886788,0.0705691150575094,0.03193743884534263,0.0,0.45888717737923584,0.5309189667773576,0.4433582301150188,0.6320548776906852,0.37822
action = 3,3,1,-0.4,185,3,0.42601,0.48127,0.29735,0.58643,0.3896,0.027568097504180444,0.0,0.047010637094172636,0.0,0.0687749954561976,0.48114619500836087,0.48127,0.3913712741883453,0.58643,0.5271499909123952
action = 3,3,1,-0.4,186,3,0.42577,0.46889,0.29267,0.54965,0.38421,0.041109609582188934,0.0,0.06610597552415363,0.027568097504180444,0.07700649323271383,0.5079892191643779,0.46889,0.4248819510483073,0.6047861950083608,0.5382229864654277
action = 3,3,0,0.6,187,3,0.41422,0.47508,0.29082,0.56804,0.36178,0.0,0.00447213595499958,0.0,0.057879184513951125,0.026645825188948456,0.41422,0.48402427190999914,0.29082,0.6837983690279023,0.4150716503778969
action = 3,3,1,-0.4,188,3,0.42572,0.46302,0.3433,0.58601,0.36081,0.0,0.0,0.10899541274750969,0.0,0.0,0.42572,0.46302,0.5612908254950194,0.58601,0.36081
action = 3,3,1,-0.4,189,3,0.42005,0.49381,0.30144,0.56818,0.36638,0.0,0.03674234614174767,0.0,0.0354964786985977,0.0,0.42005,0.5672946922834954,0.30144,0.6391729573971954,0.36638
action = 3,3,1,-0.4,190,3,0.41991,0.46889,0.30773,0.57414,0.39019,0.06074537019394976,0.00447213595499958,0.11428035701729322,0.03130495168499706,0.07720103626247513,0.5414007403878995,0.4778342719099991,0.5362907140345865,0.6367499033699942,0.5445920725249502
action = 3,3,1,-0.4,191,3,0.38382,0.46265,0.27567,0.58047,0.37287,0.0,0.0,0.0,0.0,0.0,0.38382,0.46265,0.27567,0.58047,0.37287
action = 3,3,1,-0.4,192,3,0.41399,0.48132,0.29106,0.55574,0.37247,0.0,0.0,0.0,0.06603029607687672,0.0,0.41399,0.48132,0.29106,0.6878005921537534,0.37247
action = 3,3,0,0.6,193,3,0.41389,0.48132,0.30722,0.58643,0.38485,0.0,0.021213203435596427,0.1027131929208707,0.014832396974191326,0.0,0.41389,0.5237464068711929,0.5126463858417414,0.6160947939483826,0.38485
action = 3,3,1,-0.4,194,3,0.42008,0.46889,0.28647,0.58033,0.38978,0.028635642126552705,0.0,0.04857983120596448,0.02846049894151541,0.0,0.4773512842531054,0.46889,0.383629662411929,0.6372509978830309,0.38978
action = 3,3,0,0.6,195,3,0.40747,0.48752,0.28352,0.59229,0.39636,0.0,0.025099800796022267,0.0,0.033763886032268264,0.0575325994545701,0.40747,0.5377196015920446,0.28352,0.6598177720645365,0.5114251989091402
action = 3,3,1,-0.4,196,3,0.43182,0.46884,0.296,0.59831,0.39017,0.03987480407475377,0.0,0.0,0.0,0.04732863826479693,0.5115696081495076,0.46884,0.296,0.59831,0.4848272765295939
action = 3,3,1,-0.4,197,3,0.41976,0.48132,0.30689,0.59849,0.38946,0.014832396974191326,0.0,0.04959838707054898,0.0,0.0,0.4494247939483827,0.48132,0.40608677414109795,0.59849,0.38946
action = 3,3,1,-0.4,198,3,0.41976,0.48132,0.30563,0.59197,0.39587,0.0,0.0,0.0,0.07286974680894671,0.0,0.41976,0.48132,0.30563,0.7377094936178934,0.39587
action = 3,3,1,-0.4,199,3,0.43792,0.5,0.31221,0.62189,0.40151,0.059833101206606364,0.02569046515733026,0.0,0.0,0.057619441163551735,0.5575862024132127,0.5513809303146605,0.31221,0.62189,0.5167488823271035
